Workbook

Sheet Leia-me
A1: PLANILHA DE DADOS — ESTUDO DE CASO: PODA JUNTO À REDE DE DISTRIBUIÇÃO
A3: Células AMARELAS = você preenche. Células AZUIS = calculadas (não editar).
A4: Nunca escreva nomes: use P1, P2 para os podadores e o nº de série dos equipamentos.
A6: Abas:
A7: Dosimetria — uma linha por jornada medida (ficha F2). Calcula NEN e classificação.
A8: Atividades — diário da jornada (ficha F3), para explicar a dose.
A9: Verificacao — itens das fichas F4 (NR-10), F5 (NR-35) e F6 (NR-12): C / NC / NA.
A10: EPI — ficha F7.
A11: Fotos — ficha F9.
A12: Resumo — totais automáticos para o capítulo de resultados.
A13: Referencia — parâmetros e critérios usados nos cálculos.
A15: Fórmula do NEN (NHO-01, q = 3): NEN = 85 + 10·log10(D/100), com D = dose da jornada (%).
... A17: Amostra válida: diferença entre calibração antes e depois ≤ ±1 dB.

Sheet Dosimetria
A1: Amostra | B1: Data | C1: Podador | D1: Atividade predominante | E1: Dosímetro (nº série) | F1: Calib. antes (dB) | G1: Calib. depois (dB) | H1: Diferença (dB) | I1: Amostra válida? | J1: Jornada (min) | K1: TE medido (min) | L1: Dose NHO-01 medida (%) | M1: Dose NR-15 (%) | N1: Leq/Lavg (dB(A)) | O1: Dose NHO-01 projetada (%) | P1: NEN (dB(A)) | Q1: Classificação NHO-01 | R1: Situação NR-15 (Anexo 1) | S1: Protetor auditivo no corte | T1: Observações
A2: A01 | H2: =IF(OR(F2="",G2=""),"",ROUND(G2-F2,1)) | I2: =IF(H2="","",IF(ABS(H2)<=1,"Sim","NÃO — repetir")) | O2: =IF(OR(L2="",K2="",J2=""),"",ROUND(L2*J2/K2,1)) | P2: =IF(OR(O2="",O2<=0),"",ROUND(85+10*LOG10(O2/100),1)) | Q2: =IF(P2="","",IF(I2="NÃO — repetir","Amostra inválida",IF(P2>=85,"Acima do limite",IF(P2>=82,"Nível de ação","Aceitável")))) | R2: =IF(M2="","",IF(I2="NÃO — repetir","Amostra inválida",IF(M2>100,"Acima do LT (insalubre)","Abaixo do LT")))
A3: A02 | H3: =IF(OR(F3="",G3=""),"",ROUND(G3-F3,1)) | I3: =IF(H3="","",IF(ABS(H3)<=1,"Sim","NÃO — repetir")) | O3: =IF(OR(L3="",K3="",J3=""),"",ROUND(L3*J3/K3,1)) | P3: =IF(OR(O3="",O3<=0),"",ROUND(85+10*LOG10(O3/100),1)) | Q3: =IF(P3="","",IF(I3="NÃO — repetir","Amostra inválida",IF(P3>=85,"Acima do limite",IF(P3>=82,"Nível de ação","Aceitável")))) | R3: =IF(M3="","",IF(I3="NÃO — repetir","Amostra inválida",IF(M3>100,"Acima do LT (insalubre)","Abaixo do LT")))
A4: A03 | H4: =IF(OR(F4="",G4=""),"",ROUND(G4-F4,1)) | I4: =IF(H4="","",IF(ABS(H4)<=1,"Sim","NÃO — repetir")) | O4: =IF(OR(L4="",K4="",J4=""),"",ROUND(L4*J4/K4,1)) | P4: =IF(OR(O4="",O4<=0),"",ROUND(85+10*LOG10(O4/100),1)) | Q4: =IF(P4="","",IF(I4="NÃO — repetir","Amostra inválida",IF(P4>=85,"Acima do limite",IF(P4>=82,"Nível de ação","Aceitável")))) | R4: =IF(M4="","",IF(I4="NÃO — repetir","Amostra inválida",IF(M4>100,"Acima do LT (insalubre)","Abaixo do LT")))
A5: A04 | H5: =IF(OR(F5="",G5=""),"",ROUND(G5-F5,1)) | I5: =IF(H5="","",IF(ABS(H5)<=1,"Sim","NÃO — repetir")) | O5: =IF(OR(L5="",K5="",J5=""),"",ROUND(L5*J5/K5,1)) | P5: =IF(OR(O5="",O5<=0),"",ROUND(85+10*LOG10(O5/100),1)) | Q5: =IF(P5="","",IF(I5="NÃO — repetir","Amostra inválida",IF(P5>=85,"Acima do limite",IF(P5>=82,"Nível de ação","Aceitável")))) | R5: =IF(M5="","",IF(I5="NÃO — repetir","Amostra inválida",IF(M5>100,"Acima do LT (insalubre)","Abaixo do LT")))
A6: A05 | H6: =IF(OR(F6="",G6=""),"",ROUND(G6-F6,1)) | I6: =IF(H6="","",IF(ABS(H6)<=1,"Sim","NÃO — repetir")) | O6: =IF(OR(L6="",K6="",J6=""),"",ROUND(L6*J6/K6,1)) | P6: =IF(OR(O6="",O6<=0),"",ROUND(85+10*LOG10(O6/100),1)) | Q6: =IF(P6="","",IF(I6="NÃO — repetir","Amostra inválida",IF(P6>=85,"Acima do limite",IF(P6>=82,"Nível de ação","Aceitável")))) | R6: =IF(M6="","",IF(I6="NÃO — repetir","Amostra inválida",IF(M6>100,"Acima do LT (insalubre)","Abaixo do LT")))
A7: A06 | H7: =IF(OR(F7="",G7=""),"",ROUND(G7-F7,1)) | I7: =IF(H7="","",IF(ABS(H7)<=1,"Sim","NÃO — repetir")) | O7: =IF(OR(L7="",K7="",J7=""),"",ROUND(L7*J7/K7,1)) | P7: =IF(OR(O7="",O7<=0),"",ROUND(85+10*LOG10(O7/100),1)) | Q7: =IF(P7="","",IF(I7="NÃO — repetir","Amostra inválida",IF(P7>=85,"Acima do limite",IF(P7>=82,"Nível de ação","Aceitável")))) | R7: =IF(M7="","",IF(I7="NÃO — repetir","Amostra inválida",IF(M7>100,"Acima do LT (insalubre)","Abaixo do LT")))
A8: A07 | H8: =IF(OR(F8="",G8=""),"",ROUND(G8-F8,1)) | I8: =IF(H8="","",IF(ABS(H8)<=1,"Sim","NÃO — repetir")) | O8: =IF(OR(L8="",K8="",J8=""),"",ROUND(L8*J8/K8,1)) | P8: =IF(OR(O8="",O8<=0),"",ROUND(85+10*LOG10(O8/100),1)) | Q8: =IF(P8="","",IF(I8="NÃO — repetir","Amostra inválida",IF(P8>=85,"Acima do limite",IF(P8>=82,"Nível de ação","Aceitável")))) | R8: =IF(M8="","",IF(I8="NÃO — repetir","Amostra inválida",IF(M8>100,"Acima do LT (insalubre)","Abaixo do LT")))
A9: A08 | H9: =IF(OR(F9="",G9=""),"",ROUND(G9-F9,1)) | I9: =IF(H9="","",IF(ABS(H9)<=1,"Sim","NÃO — repetir")) | O9: =IF(OR(L9="",K9="",J9=""),"",ROUND(L9*J9/K9,1)) | P9: =IF(OR(O9="",O9<=0),"",ROUND(85+10*LOG10(O9/100),1)) | Q9: =IF(P9="","",IF(I9="NÃO — repetir","Amostra inválida",IF(P9>=85,"Acima do limite",IF(P9>=82,"Nível de ação","Aceitável")))) | R9: =IF(M9="","",IF(I9="NÃO — repetir","Amostra inválida",IF(M9>100,"Acima do LT (insalubre)","Abaixo do LT")))
A10: A09 | H10: =IF(OR(F10="",G10=""),"",ROUND(G10-F10,1)) | I10: =IF(H10="","",IF(ABS(H10)<=1,"Sim","NÃO — repetir")) | O10: =IF(OR(L10="",K10="",J10=""),"",ROUND(L10*J10/K10,1)) | P10: =IF(OR(O10="",O10<=0),"",ROUND(85+10*LOG10(O10/100),1)) | Q10: =IF(P10="","",IF(I10="NÃO — repetir","Amostra inválida",IF(P10>=85,"Acima do limite",IF(P10>=82,"Nível de ação","Aceitável")))) | R10: =IF(M10="","",IF(I10="NÃO — repetir","Amostra inválida",IF(M10>100,"Acima do LT (insalubre)","Abaixo do LT")))
A11: A10 | H11: =IF(OR(F11="",G11=""),"",ROUND(G11-F11,1)) | I11: =IF(H11="","",IF(ABS(H11)<=1,"Sim","NÃO — repetir")) | O11: =IF(OR(L11="",K11="",J11=""),"",ROUND(L11*J11/K11,1)) | P11: =IF(OR(O11="",O11<=0),"",ROUND(85+10*LOG10(O11/100),1)) | Q11: =IF(P11="","",IF(I11="NÃO — repetir","Amostra inválida",IF(P11>=85,"Acima do limite",IF(P11>=82,"Nível de ação","Aceitável")))) | R11: =IF(M11="","",IF(I11="NÃO — repetir","Amostra inválida",IF(M11>100,"Acima do LT (insalubre)","Abaixo do LT")))
A12: A11 | H12: =IF(OR(F12="",G12=""),"",ROUND(G12-F12,1)) | I12: =IF(H12="","",IF(ABS(H12)<=1,"Sim","NÃO — repetir")) | O12: =IF(OR(L12="",K12="",J12=""),"",ROUND(L12*J12/K12,1)) | P12: =IF(OR(O12="",O12<=0),"",ROUND(85+10*LOG10(O12/100),1)) | Q12: =IF(P12="","",IF(I12="NÃO — repetir","Amostra inválida",IF(P12>=85,"Acima do limite",IF(P12>=82,"Nível de ação","Aceitável")))) | R12: =IF(M12="","",IF(I12="NÃO — repetir","Amostra inválida",IF(M12>100,"Acima do LT (insalubre)","Abaixo do LT")))
A13: A12 | H13: =IF(OR(F13="",G13=""),"",ROUND(G13-F13,1)) | I13: =IF(H13="","",IF(ABS(H13)<=1,"Sim","NÃO — repetir")) | O13: =IF(OR(L13="",K13="",J13=""),"",ROUND(L13*J13/K13,1)) | P13: =IF(OR(O13="",O13<=0),"",ROUND(85+10*LOG10(O13/100),1)) | Q13: =IF(P13="","",IF(I13="NÃO — repetir","Amostra inválida",IF(P13>=85,"Acima do limite",IF(P13>=82,"Nível de ação","Aceitável")))) | R13: =IF(M13="","",IF(I13="NÃO — repetir","Amostra inválida",IF(M13>100,"Acima do LT (insalubre)","Abaixo do LT")))

Sheet Atividades
A1: Amostra | B1: Início (hh:mm) | C1: Fim (hh:mm) | D1: Duração (min) | E1: Atividade | F1: Equipamento ligado | G1: Obs.
D2: =IF(OR(B2="",C2=""),"",ROUND((C2-B2)*1440,0))
D3: =IF(OR(B3="",C3=""),"",ROUND((C3-B3)*1440,0))
D4: =IF(OR(B4="",C4=""),"",ROUND((C4-B4)*1440,0))
D5: =IF(OR(B5="",C5=""),"",ROUND((C5-B5)*1440,0))
D6: =IF(OR(B6="",C6=""),"",ROUND((C6-B6)*1440,0))
D7: =IF(OR(B7="",C7=""),"",ROUND((C7-B7)*1440,0))
D8: =IF(OR(B8="",C8=""),"",ROUND((C8-B8)*1440,0))
D9: =IF(OR(B9="",C9=""),"",ROUND((C9-B9)*1440,0))
D10: =IF(OR(B10="",C10=""),"",ROUND((C10-B10)*1440,0))
D11: =IF(OR(B11="",C11=""),"",ROUND((C11-B11)*1440,0))
D12: =IF(OR(B12="",C12=""),"",ROUND((C12-B12)*1440,0))
D13: =IF(OR(B13="",C13=""),"",ROUND((C13-B13)*1440,0))
... D201: =IF(OR(B201="",C201=""),"",ROUND((C201-B201)*1440,0))

Sheet Verificacao
A1: Ficha | B1: Norma | C1: # | D1: Item verificado | E1: Data | F1: Podador/equip. | G1: Resultado (C/NC/NA) | H1: Nº da foto (evidência) | I1: Observação
A2: F4 | B2: NR-10 | C2: 1 | D2: Treinamento NR-10 básico (40 h) — certificado
A3: F4 | B3: NR-10 | C3: 2 | D3: Curso complementar SEP (40 h)
A4: F4 | B4: NR-10 | C4: 3 | D4: Autorização formal para serviços em/próximo de instalações elétricas
A5: F4 | B5: NR-10 | C5: 4 | D5: Ordem de serviço / programação do serviço
A6: F4 | B6: NR-10 | C6: 5 | D6: Análise de risco (APR) antes de iniciar, específica do local
A7: F4 | B7: NR-10 | C7: 6 | D7: Rede desligada: sequência de desenergização seguida na ordem
A8: F4 | B8: NR-10 | C8: 7 | D8: Rede energizada: pessoas/ferramentas fora da zona de risco; zona controlada só autorizados
A9: F4 | B9: NR-10 | C9: 8 | D9: Ferramentas isolantes com ensaio dielétrico em dia
A10: F4 | B10: NR-10 | C10: 9 | D10: Controle da queda dos galhos (não encostaram na rede)
A11: F4 | B11: NR-10 | C11: 10 | D11: Comunicação com centro de operação
A12: F4 | B12: NR-10 | C12: 11 | D12: Serviço não realizado por trabalhador sozinho
A13: F4 | B13: NR-10 | C13: 12 | D13: Pessoa capacitada em primeiros socorros/RCP e plano de emergência
... A36: F6 | B36: NR-12 An. V | C36: 10 | D36: Protetor do sabre no transporte
D38: Para registrar o mesmo item em outra data/equipamento, copie a linha para baixo.

Sheet EPI
A1: EPI | B1: Listado no PGR? | C1: Podador | D1: Ficha de entrega? | E1: Em uso no campo? | F1: CA válido? | G1: Nº da foto | H1: Estado / obs.
A2: Capacete classe B (CA 29792) | B2: Sim | C2: P1
A3: Óculos (CA 10346) | B3: Sim | C3: P1
A4: Protetor auditivo (CA 35981) | B4: Sim | C4: P1
A5: Luva contra agentes mecânicos (CA 40029) | B5: Sim | C5: P1
A6: Perneira (CA 25388) | B6: Sim | C6: P1
A7: Botina tipo B (CA 12160) | B7: Sim | C7: P1
A8: Cinturão paraquedista e talabarte (CA 35509) | B8: Sim | C8: P1
A9: Calça/perneira de proteção contra corte por motosserra | B9: Não | C9: P1
A10: Protetor facial (viseira de tela) | B10: Não | C10: P1
A11: Luva de proteção para motosserra | B11: Não | C11: P1
A12: Vestimenta para risco elétrico/arco | B12: Não | C12: P1
A13: Colete refletivo | B13: Não | C13: P1
... A27: Protetor solar | B27: Medida adm. | C27: P2

Sheet Fotos
A1: Nº foto | B1: Data | C1: O que mostra | D1: Ficha/item | E1: Precisa desfocar? | F1: Arquivo

Sheet Resumo
A1: RUÍDO (amostras válidas)
A2: Amostras lançadas | B2: =COUNTA(Dosimetria!L2:L13)
A3: Amostras válidas (calibração ±1 dB) | B3: =COUNTIF(Dosimetria!I2:I13,"Sim")
A4: NEN mínimo (dB(A)) | B4: =IF(COUNTIF(Dosimetria!I2:I13,"Sim")=0,"",_xlfn.MINIFS(Dosimetria!P2:P13,Dosimetria!I2:I13,"Sim"))
A5: NEN máximo (dB(A)) | B5: =IF(COUNTIF(Dosimetria!I2:I13,"Sim")=0,"",_xlfn.MAXIFS(Dosimetria!P2:P13,Dosimetria!I2:I13,"Sim"))
A6: Amostras acima do limite NHO-01 (NEN ≥ 85) | B6: =COUNTIF(Dosimetria!Q2:Q13,"Acima do limite")
A7: Amostras no nível de ação (82 ≤ NEN < 85) | B7: =COUNTIF(Dosimetria!Q2:Q13,"Nível de ação")
A8: Amostras acima do LT da NR-15 (dose > 100%) | B8: =COUNTIF(Dosimetria!R2:R13,"Acima do LT (insalubre)")
A10: CONFORMIDADE (itens verificados)
A11: NR-10 — itens conformes (C) | B11: =COUNTIFS(Verificacao!B:B,"NR-10",Verificacao!G:G,"C")
A12: NR-10 — itens não conformes (NC) | B12: =COUNTIFS(Verificacao!B:B,"NR-10",Verificacao!G:G,"NC")
A13: NR-10 — % de conformidade (C / (C+NC)) | B13: =IFERROR(COUNTIFS(Verificacao!B:B,"NR-10",Verificacao!G:G,"C")/(COUNTIFS(Verificacao!B:B,"NR-10",Verificacao!G:G,"C")+COUNTIFS(Verificacao!B:B,"NR-10",Verificacao!G:G,"NC")),"")
A14: NR-35 — itens conformes (C) | B14: =COUNTIFS(Verificacao!B:B,"NR-35",Verificacao!G:G,"C")
A15: NR-35 — itens não conformes (NC) | B15: =COUNTIFS(Verificacao!B:B,"NR-35",Verificacao!G:G,"NC")
A16: NR-35 — % de conformidade (C / (C+NC)) | B16: =IFERROR(COUNTIFS(Verificacao!B:B,"NR-35",Verificacao!G:G,"C")/(COUNTIFS(Verificacao!B:B,"NR-35",Verificacao!G:G,"C")+COUNTIFS(Verificacao!B:B,"NR-35",Verificacao!G:G,"NC")),"")
A17: NR-12 An. V — itens conformes (C) | B17: =COUNTIFS(Verificacao!B:B,"NR-12 An. V",Verificacao!G:G,"C")
A18: NR-12 An. V — itens não conformes (NC) | B18: =COUNTIFS(Verificacao!B:B,"NR-12 An. V",Verificacao!G:G,"NC")
A19: NR-12 An. V — % de conformidade (C / (C+NC)) | B19: =IFERROR(COUNTIFS(Verificacao!B:B,"NR-12 An. V",Verificacao!G:G,"C")/(COUNTIFS(Verificacao!B:B,"NR-12 An. V",Verificacao!G:G,"C")+COUNTIFS(Verificacao!B:B,"NR-12 An. V",Verificacao!G:G,"NC")),"")
A21: EPI
A22: EPIs não usados no campo (registros "Não") | B22: =COUNTIF(EPI!E:E,"Não")
A23: EPIs usados parcialmente | B23: =COUNTIF(EPI!E:E,"Parcial")
A24: EPIs de motosserra em uso (itens fora do PGR marcados "Sim") | B24: =COUNTIFS(EPI!B:B,"Não",EPI!E:E,"Sim")

Sheet Referencia
A1: Parâmetro | B1: NHO-01 (canal 1) | C1: NR-15 Anexo 1 (canal 2)
A2: Critério de referência | B2: 85 dB(A) / 8 h | C2: 85 dB(A) / 8 h
A3: Incremento de duplicação de dose (q) | B3: 3 dB | C3: 5 dB
A4: Nível limiar de integração | B4: 80 dB(A) | C4: 80 dB(A)
A5: Ponderação / resposta | B5: A / lenta | C5: A / lenta
A6: Nível de ação | B6: NEN 82 dB(A) (dose 50%) | C6: —
A7: Limite | B7: NEN 85 dB(A) (dose 100%) | C7: dose 100%
A8: Validade da amostra | B8: calibração antes × depois ≤ ±1 dB
A10: NR-10 — raios de delimitação (m) | B10: Rr (zona de risco) | C10: Rc (zona controlada)
A11: < 1 kV | B11: 0,20 | C11: 0,70
A12: ≥ 10 kV e < 15 kV (ex.: 13,8 kV) | B12: 0,38 | C12: 1,38
A13: ≥ 15 kV e < 20 kV | B13: 0,40 | C13: 1,40
A14: Conferir a tabela no texto oficial da NR-10 antes da redação.
